-- MySQL dump 10.13  Distrib 5.7.26, for Linux (x86_64)
--
-- Host: localhost    Database: try2
-- ------------------------------------------------------
-- Server version	5.7.26-0ubuntu0.18.04.1-log

/*!40101 SET @OLD_CHARACTER_SET_CLIENT=@@CHARACTER_SET_CLIENT */;
/*!40101 SET @OLD_CHARACTER_SET_RESULTS=@@CHARACTER_SET_RESULTS */;
/*!40101 SET @OLD_COLLATION_CONNECTION=@@COLLATION_CONNECTION */;
/*!40101 SET NAMES utf8 */;
/*!40103 SET @OLD_TIME_ZONE=@@TIME_ZONE */;
/*!40103 SET TIME_ZONE='+00:00' */;
/*!40014 SET @OLD_UNIQUE_CHECKS=@@UNIQUE_CHECKS, UNIQUE_CHECKS=0 */;
/*!40014 SET @OLD_FOREIGN_KEY_CHECKS=@@FOREIGN_KEY_CHECKS, FOREIGN_KEY_CHECKS=0 */;
/*!40101 SET @OLD_SQL_MODE=@@SQL_MODE, SQL_MODE='NO_AUTO_VALUE_ON_ZERO' */;
/*!40111 SET @OLD_SQL_NOTES=@@SQL_NOTES, SQL_NOTES=0 */;

--
-- Table structure for table `locations`
--

DROP TABLE IF EXISTS `locations`;
/*!40101 SET @saved_cs_client     = @@character_set_client */;
/*!40101 SET character_set_client = utf8 */;
CREATE TABLE `locations` (
  `id` int(11) NOT NULL AUTO_INCREMENT,
  `location` text,
  PRIMARY KEY (`id`)
) ENGINE=InnoDB AUTO_INCREMENT=4 DEFAULT CHARSET=latin1;
/*!40101 SET character_set_client = @saved_cs_client */;

--
-- Dumping data for table `locations`
--

LOCK TABLES `locations` WRITE;
/*!40000 ALTER TABLE `locations` DISABLE KEYS */;
INSERT INTO `locations` VALUES (1,'DELHI'),(2,'GURUGRAM'),(3,'BANGLORE');
/*!40000 ALTER TABLE `locations` ENABLE KEYS */;
UNLOCK TABLES;

--
-- Table structure for table `tb_address`
--

DROP TABLE IF EXISTS `tb_address`;
/*!40101 SET @saved_cs_client     = @@character_set_client */;
/*!40101 SET character_set_client = utf8 */;
CREATE TABLE `tb_address` (
  `id` int(11) NOT NULL AUTO_INCREMENT,
  `address` text,
  `response` text,
  `timestamp` timestamp NOT NULL DEFAULT CURRENT_TIMESTAMP,
  `id_addr` int(11) DEFAULT NULL,
  `length` int(11) DEFAULT NULL,
  PRIMARY KEY (`id`)
) ENGINE=InnoDB AUTO_INCREMENT=5 DEFAULT CHARSET=latin1;
/*!40101 SET character_set_client = @saved_cs_client */;

--
-- Dumping data for table `tb_address`
--

LOCK TABLES `tb_address` WRITE;
/*!40000 ALTER TABLE `tb_address` DISABLE KEYS */;
INSERT INTO `tb_address` VALUES (1,'A1234','Lorem ipsum dolor sit amet','2019-05-28 18:22:04',NULL,NULL),(2,'12XC34','Lorem dolor sit amet','2019-05-28 18:22:20',NULL,NULL),(3,'8080','recteque contentiones his ut','2019-05-28 18:22:57',NULL,NULL),(4,'1111','Lorem ipsum dolor sit amet, consectetur adipiscing elit. Nunc at velit sit amet sem laoreet efficitur non in urna. Fusce fringilla ipsum massa, ac tristique arcu varius eget. Maecenas vestibulum tristique nisi id fringilla. In elit odio, consectetur eget condimentum ut, egestas in nisi. Pellentesque aliquam nulla ac ex rutrum, et ullamcorper nulla aliquam. Aenean ac nulla ut velit vehicula lacinia sed eu odio. Donec egestas arcu tortor, ac euismod justo fermentum vitae. Morbi placerat ante vel efficitur tempus. Duis mollis feugiat finibus. Pellentesque varius et sapien laoreet varius. Donec eget neque elementum, euismod sem eu, vehicula felis. Nulla facilisi. Phasellus id turpis vitae diam pharetra efficitur. Morbi nunc urna, lacinia non dolor nec, pharetra sagittis enim. ','2019-06-01 09:03:07',NULL,NULL);
/*!40000 ALTER TABLE `tb_address` ENABLE KEYS */;
UNLOCK TABLES;

--
-- Table structure for table `tb_status`
--

DROP TABLE IF EXISTS `tb_status`;
/*!40101 SET @saved_cs_client     = @@character_set_client */;
/*!40101 SET character_set_client = utf8 */;
CREATE TABLE `tb_status` (
  `chno` int(11) NOT NULL,
  `timestamp` timestamp NOT NULL DEFAULT CURRENT_TIMESTAMP,
  `status` int(11) DEFAULT NULL,
  `label` varchar(14) DEFAULT 'ABCDEFGHIJKL',
  `location` int(11) DEFAULT '1',
  `id` int(11) NOT NULL AUTO_INCREMENT,
  PRIMARY KEY (`id`)
) ENGINE=InnoDB AUTO_INCREMENT=109 DEFAULT CHARSET=latin1;
/*!40101 SET character_set_client = @saved_cs_client */;

--
-- Dumping data for table `tb_status`
--

LOCK TABLES `tb_status` WRITE;
/*!40000 ALTER TABLE `tb_status` DISABLE KEYS */;
INSERT INTO `tb_status` VALUES (1,'2019-05-28 18:11:14',0,'ABCDEFGHIJKL',1,1),(2,'2019-05-28 18:11:48',0,'ABCDEFGHIJKL',1,2),(3,'2019-05-28 18:11:48',1,'ABCDEFGHIJKL',1,3),(4,'2019-05-28 18:11:48',1,'ABCDEFGHIJKL',1,4),(5,'2019-05-28 18:11:48',1,'ABCDEFGHIJKL',1,5),(6,'2019-05-28 18:11:48',1,'ABCDEFGHIJKL',1,6),(7,'2019-05-28 18:12:27',1,'jhhjbkjnkl',1,7),(8,'2019-05-28 18:12:27',1,'ABCDEFGHIJKL',1,8),(9,'2019-05-28 18:12:27',1,'ABCDEFGHIJKL',1,9),(10,'2019-05-28 18:12:27',1,'ABCDEFGHIJKL',1,10),(11,'2019-05-28 18:12:27',1,'ABCDEFGHIJKL',1,11),(12,'2019-05-28 18:12:55',1,'ABCDEFGHIJKL',1,12),(13,'2019-05-28 18:12:55',0,'ABCDEFGHIJKL',1,13),(14,'2019-05-28 18:12:55',0,'ABCDEFGHIJKL',1,14),(15,'2019-05-28 18:12:55',0,'ABCDEFGHIJKL',1,15),(16,'2019-05-28 18:12:55',1,'ABCDEFGHIJKL',1,16),(17,'2019-05-28 18:13:26',1,'ABCDEFGHIJKL',1,17),(18,'2019-05-28 18:13:26',1,'ABCDEFGHIJKL',1,18),(19,'2019-05-28 18:13:26',0,'ABCDEFGHIJKL',1,19),(20,'2019-05-28 18:13:26',0,'ABCDEFGHIJKL',1,20),(21,'2019-05-28 18:13:26',1,'ABCDEFGHIJKL',1,21),(22,'2019-05-28 18:13:49',1,'ABCDEFGHIJKL',1,22),(23,'2019-05-28 18:13:49',1,'ABCDEFGHIJKL',1,23),(24,'2019-05-28 18:13:49',1,'ABCDEFGHIJKL',1,24),(25,'2019-05-28 18:15:06',0,'XYZASASXSASAS',1,25),(26,'2019-05-28 18:15:06',1,'ABCDEFGHIJKL',1,26),(27,'2019-05-28 18:15:06',0,'ABCDEFGHIJKL',1,27),(28,'2019-05-28 18:15:06',0,'ABCDEFGHIJKL',1,28),(29,'2019-05-28 18:15:06',2,'ABCDEFGHIJKL',1,29),(30,'2019-05-28 18:15:34',1,'ABCDEFGHIJKL',1,30),(31,'2019-05-28 18:15:34',2,'ABCDEFGHIJKL',1,31),(32,'2019-05-28 18:15:34',1,'ABCDEFGHIJKL',1,32),(33,'2019-06-17 10:23:10',1,'ABCDEFGHIJKL',1,33),(34,'2019-06-01 09:10:59',1,'ABCDEFGHIJKL',1,34),(35,'2019-06-02 09:45:39',1,'XYZASASXSASAS',1,35),(36,'2019-06-12 08:45:07',2,'ABCDEFGHIJKL',1,36),(1,'2019-05-28 18:11:14',1,'ABCDEFGHIJKL',2,37),(2,'2019-05-28 18:11:48',1,'ABCDEFGHIJKL',2,38),(3,'2019-05-28 18:11:48',1,'ABCDEFGHIJKL',2,39),(4,'2019-05-28 18:11:48',0,'ABCDEFGHIJKL',2,40),(5,'2019-05-28 18:11:48',1,'ABCDEFGHIJKL',2,41),(6,'2019-05-28 18:11:48',1,'ABCDEFGHIJKL',2,42),(7,'2019-05-28 18:12:27',1,'jhhjbkjnkl',2,43),(8,'2019-05-28 18:12:27',1,'ABCDEFGHIJKL',2,44),(9,'2019-05-28 18:12:27',1,'ABCDEFGHIJKL',2,45),(10,'2019-05-28 18:12:27',1,'ABCDEFGHIJKL',2,46),(11,'2019-05-28 18:12:27',1,'ABCDEFGHIJKL',2,47),(12,'2019-05-28 18:12:55',1,'ABCDEFGHIJKL',2,48),(13,'2019-05-28 18:12:55',0,'ABCDEFGHIJKL',2,49),(14,'2019-05-28 18:12:55',0,'ABCDEFGHIJKL',2,50),(15,'2019-05-28 18:12:55',0,'ABCDEFGHIJKL',2,51),(16,'2019-05-28 18:12:55',0,'ABCDEFGHIJKL',2,52),(17,'2019-05-28 18:13:26',1,'ABCDEFGHIJKL',2,53),(18,'2019-05-28 18:13:26',1,'ABCDEFGHIJKL',2,54),(19,'2019-05-28 18:13:26',0,'ABCDEFGHIJKL',2,55),(20,'2019-05-28 18:13:26',0,'ABCDEFGHIJKL',2,56),(21,'2019-05-28 18:13:26',1,'ABCDEFGHIJKL',2,57),(22,'2019-05-28 18:13:49',1,'ABCDEFGHIJKL',2,58),(23,'2019-05-28 18:13:49',1,'ABCDEFGHIJKL',2,59),(24,'2019-05-28 18:13:49',1,'ABCDEFGHIJKL',2,60),(25,'2019-05-28 18:15:06',0,'XYZASASXSASAS',2,61),(26,'2019-05-28 18:15:06',1,'ABCDEFGHIJKL',2,62),(27,'2019-05-28 18:15:06',0,'ABCDEFGHIJKL',2,63),(28,'2019-05-28 18:15:06',0,'ABCDEFGHIJKL',2,64),(29,'2019-05-28 18:15:06',2,'ABCDEFGHIJKL',2,65),(30,'2019-05-28 18:15:34',1,'ABCDEFGHIJKL',2,66),(31,'2019-05-28 18:15:34',2,'ABCDEFGHIJKL',2,67),(32,'2019-05-28 18:15:34',1,'ABCDEFGHIJKL',2,68),(33,'2019-06-11 06:24:01',3,'ABCDEFGHIJKL',2,69),(34,'2019-06-01 09:10:59',2,'ABCDEFGHIJKL',2,70),(35,'2019-06-02 09:45:39',3,'XYZASASXSASAS',2,71),(36,'2019-06-12 08:45:07',2,'ABCDEFGHIJKL',2,72),(1,'2019-05-28 18:11:14',1,'ABCDEFGHIJKL',3,73),(2,'2019-05-28 18:11:48',1,'ABCDEFGHIJKL',3,74),(3,'2019-05-28 18:11:48',1,'ABCDEFGHIJKL',3,75),(4,'2019-05-28 18:11:48',0,'ABCDEFGHIJKL',3,76),(5,'2019-05-28 18:11:48',1,'ABCDEFGHIJKL',3,77),(6,'2019-05-28 18:11:48',1,'ABCDEFGHIJKL',3,78),(7,'2019-05-28 18:12:27',1,'jhhjbkjnkl',3,79),(8,'2019-05-28 18:12:27',1,'ABCDEFGHIJKL',3,80),(9,'2019-05-28 18:12:27',1,'ABCDEFGHIJKL',3,81),(10,'2019-05-28 18:12:27',1,'ABCDEFGHIJKL',3,82),(11,'2019-05-28 18:12:27',1,'ABCDEFGHIJKL',3,83),(12,'2019-05-28 18:12:55',1,'ABCDEFGHIJKL',3,84),(13,'2019-05-28 18:12:55',0,'ABCDEFGHIJKL',3,85),(14,'2019-05-28 18:12:55',0,'ABCDEFGHIJKL',3,86),(15,'2019-05-28 18:12:55',0,'ABCDEFGHIJKL',3,87),(16,'2019-05-28 18:12:55',0,'ABCDEFGHIJKL',3,88),(17,'2019-05-28 18:13:26',1,'ABCDEFGHIJKL',3,89),(18,'2019-05-28 18:13:26',1,'ABCDEFGHIJKL',3,90),(19,'2019-05-28 18:13:26',0,'ABCDEFGHIJKL',3,91),(20,'2019-05-28 18:13:26',0,'ABCDEFGHIJKL',3,92),(21,'2019-05-28 18:13:26',1,'ABCDEFGHIJKL',3,93),(22,'2019-05-28 18:13:49',1,'ABCDEFGHIJKL',3,94),(23,'2019-05-28 18:13:49',1,'ABCDEFGHIJKL',3,95),(24,'2019-05-28 18:13:49',1,'ABCDEFGHIJKL',3,96),(25,'2019-05-28 18:15:06',1,'XYZASASXSASAS',3,97),(26,'2019-05-28 18:15:06',0,'ABCDEFGHIJKL',3,98),(27,'2019-05-28 18:15:06',0,'ABCDEFGHIJKL',3,99),(28,'2019-05-28 18:15:06',0,'ABCDEFGHIJKL',3,100),(29,'2019-05-28 18:15:06',2,'ABCDEFGHIJKL',3,101),(30,'2019-05-28 18:15:34',1,'ABCDEFGHIJKL',3,102),(31,'2019-05-28 18:15:34',2,'ABCDEFGHIJKL',3,103),(32,'2019-05-28 18:15:34',1,'ABCDEFGHIJKL',3,104),(33,'2019-06-11 06:24:01',1,'ABCDEFGHIJKL',3,105),(34,'2019-06-01 09:10:59',2,'ABCDEFGHIJKL',3,106),(35,'2019-06-02 09:45:39',3,'XYZASASXSASAS',3,107),(36,'2019-06-12 08:45:07',2,'ABCDEFGHIJKL',3,108);
/*!40000 ALTER TABLE `tb_status` ENABLE KEYS */;
UNLOCK TABLES;

--
-- Table structure for table `users`
--

DROP TABLE IF EXISTS `users`;
/*!40101 SET @saved_cs_client     = @@character_set_client */;
/*!40101 SET character_set_client = utf8 */;
CREATE TABLE `users` (
  `id` int(11) NOT NULL AUTO_INCREMENT,
  `username` text,
  `password` text,
  `type` int(11) DEFAULT '1',
  PRIMARY KEY (`id`)
) ENGINE=InnoDB AUTO_INCREMENT=18 DEFAULT CHARSET=latin1;
/*!40101 SET character_set_client = @saved_cs_client */;

--
-- Dumping data for table `users`
--

LOCK TABLES `users` WRITE;
/*!40000 ALTER TABLE `users` DISABLE KEYS */;
INSERT INTO `users` VALUES (5,'admin','$2a$10$UL/lhDdEgk2j71BgF63JTe6UEKPEJ.X1JAJOw2aIYGc6K4cZTcBA6',0),(7,'sashakt','$2a$10$IIFmbzm8DIrrEJtHMfhsAOFcx2sjXlJfrt2KQ65y0kLTz1m.BeBC6',1),(8,'test2','$2a$10$G1rbGw.xzF94Qyl0HiThQOmtjWPDsxywQVPI.BqQjWoFn0x5rOFii',1),(9,'test','$2a$10$w3OMM4ilveaYu87mhaWCcuT8eJYRW6DKDMIBcCyWzRi5dccONVuH6',1),(11,'sashak','$2a$10$.Iw2A6BzCoxn.RHv771bn.vZ.9rOlZFX6zUhoZlrwzzOoDcp6qLIi',1),(13,'dsds','$2a$10$cYzvrR0wFakUtZ5sxP6UHeY1oDCCfJcFQE94EiogwrLOH.qoyq7FG',1),(14,'ddf','$2a$10$eoO/czXcwN8s5GFO6hQU6OBwkiX994Bl5aTSSLe2nPyLGm3jkDZ6S',1),(16,'dd','$2a$10$5WNRsNRqdvZ9DM6NADp19.Z5o5GkKdYTg67EPCT6usSMO7X5SRoQy',0),(17,'norm','$2a$10$BOOBeUYv2ZwbBqNe2ta3h.9bj.btKZPm7cCw9.N5ybyMTPU79T2yK',1);
/*!40000 ALTER TABLE `users` ENABLE KEYS */;
UNLOCK TABLES;
/*!40103 SET TIME_ZONE=@OLD_TIME_ZONE */;

/*!40101 SET SQL_MODE=@OLD_SQL_MODE */;
/*!40014 SET FOREIGN_KEY_CHECKS=@OLD_FOREIGN_KEY_CHECKS */;
/*!40014 SET UNIQUE_CHECKS=@OLD_UNIQUE_CHECKS */;
/*!40101 SET CHARACTER_SET_CLIENT=@OLD_CHARACTER_SET_CLIENT */;
/*!40101 SET CHARACTER_SET_RESULTS=@OLD_CHARACTER_SET_RESULTS */;
/*!40101 SET COLLATION_CONNECTION=@OLD_COLLATION_CONNECTION */;
/*!40111 SET SQL_NOTES=@OLD_SQL_NOTES */;

-- Dump completed on 2019-06-18 13:34:27
